relative_path,size_bytes
data/_smoke_serious_stroke/enriched_preview.csv,107018
data/_smoke_serious_stroke/raw_openalex_articles.csv,107018
data/_smoke_serious_stroke_v3/enriched_preview.csv,104548
data/_smoke_serious_stroke_v3/fully_enriched.csv,106033
data/_smoke_serious_stroke_v3/high_impact_subset.csv,17709
data/_smoke_serious_stroke_v3/raw_openalex_articles.csv,104394
data/benchmarks/dashboard/discipline_dashboard.html,22798
data/benchmarks/dashboard/discipline_overall_summary.csv,358
data/benchmarks/dashboard/discipline_year_summary.csv,1527
data/benchmarks/stroke/enriched_preview.csv,49774566
data/benchmarks/stroke/fully_enriched.csv,50065012
data/benchmarks/stroke/high_impact_subset.csv,8743134
data/benchmarks/stroke/raw_openalex_articles.csv,49734126
data/enriched_preview.csv,39077099
data/fully_enriched.csv,39077099
data/prototypes/benchmark_2023_2025/cardiology/enriched_preview.csv,3593176
data/prototypes/benchmark_2023_2025/cardiology/fully_enriched.csv,3643737
data/prototypes/benchmark_2023_2025/cardiology/high_impact_subset.csv,397604
data/prototypes/benchmark_2023_2025/cardiology/raw_openalex_articles.csv,3593176
data/prototypes/benchmark_2023_2025/dashboard/discipline_dashboard.html,30888
data/prototypes/benchmark_2023_2025/dashboard/discipline_overall_summary.csv,751
data/prototypes/benchmark_2023_2025/dashboard/discipline_year_summary.csv,1881
data/prototypes/benchmark_2023_2025/neurology/enriched_preview.csv,3664232
data/prototypes/benchmark_2023_2025/neurology/fully_enriched.csv,3712147
data/prototypes/benchmark_2023_2025/neurology/high_impact_subset.csv,377842
data/prototypes/benchmark_2023_2025/neurology/raw_openalex_articles.csv,3664232
data/prototypes/benchmark_2023_2025/neuroscience/enriched_preview.csv,3788601
data/prototypes/benchmark_2023_2025/neuroscience/fully_enriched.csv,3839649
data/prototypes/benchmark_2023_2025/neuroscience/high_impact_subset.csv,393566
data/prototypes/benchmark_2023_2025/neuroscience/raw_openalex_articles.csv,3788601
data/prototypes/benchmark_2023_2025/stroke/enriched_preview.csv,3963770
data/prototypes/benchmark_2023_2025/stroke/fully_enriched.csv,4019456
data/prototypes/benchmark_2023_2025/stroke/high_impact_subset.csv,581691
data/prototypes/benchmark_2023_2025/stroke/raw_openalex_articles.csv,3963770
data/raw_openalex_articles.csv,12356177
data/reverse_enriched.csv,12392600
data/scheduled_runs/full_2023_2025_all_disciplines_pubmed/2026-03-16/cardiology/fully_enriched.csv,160530649
data/scheduled_runs/full_2023_2025_all_disciplines_pubmed/2026-03-16/dashboard/discipline_dashboard.html,41970
data/scheduled_runs/full_2023_2025_all_disciplines_pubmed/2026-03-16/dashboard/discipline_overall_summary.csv,1172
data/scheduled_runs/full_2023_2025_all_disciplines_pubmed/2026-03-16/dashboard/discipline_year_summary.csv,2895
data/scheduled_runs/full_2023_2025_all_disciplines_pubmed/2026-03-16/neurology/fully_enriched.csv,57643021
data/scheduled_runs/full_2023_2025_all_disciplines_pubmed/2026-03-16/neuroscience/fully_enriched.csv,460398843
data/scheduled_runs/full_2023_2025_all_disciplines_pubmed/2026-03-16/stroke/fully_enriched.csv,80392290
data/scheduled_runs/full_2023_all_disciplines_pubmed/2026-03-15/cardiology/enriched_preview.csv,50891928
data/scheduled_runs/full_2023_all_disciplines_pubmed/2026-03-15/cardiology/enriched_preview.parquet,14773710
data/scheduled_runs/full_2023_all_disciplines_pubmed/2026-03-15/cardiology/fully_enriched.csv,51472549
data/scheduled_runs/full_2023_all_disciplines_pubmed/2026-03-15/cardiology/fully_enriched.parquet,15044581
data/scheduled_runs/full_2023_all_disciplines_pubmed/2026-03-15/cardiology/high_impact_subset.csv,3993798
data/scheduled_runs/full_2023_all_disciplines_pubmed/2026-03-15/cardiology/high_impact_subset.parquet,1145570
data/scheduled_runs/full_2023_all_disciplines_pubmed/2026-03-15/cardiology/raw_openalex_articles.csv,50877808
data/scheduled_runs/full_2023_all_disciplines_pubmed/2026-03-15/cardiology/raw_openalex_articles.parquet,14767645
data/scheduled_runs/full_2023_all_disciplines_pubmed/2026-03-15/dashboard/discipline_dashboard.html,41395
data/scheduled_runs/full_2023_all_disciplines_pubmed/2026-03-15/dashboard/discipline_overall_summary.csv,1166
data/scheduled_runs/full_2023_all_disciplines_pubmed/2026-03-15/dashboard/discipline_overall_summary.parquet,2654
data/scheduled_runs/full_2023_all_disciplines_pubmed/2026-03-15/dashboard/discipline_year_summary.csv,1169
data/scheduled_runs/full_2023_all_disciplines_pubmed/2026-03-15/dashboard/discipline_year_summary.parquet,2641
data/scheduled_runs/full_2023_all_disciplines_pubmed/2026-03-15/neurology/enriched_preview.csv,24841698
data/scheduled_runs/full_2023_all_disciplines_pubmed/2026-03-15/neurology/enriched_preview.parquet,7235603
data/scheduled_runs/full_2023_all_disciplines_pubmed/2026-03-15/neurology/fully_enriched.csv,25153728
data/scheduled_runs/full_2023_all_disciplines_pubmed/2026-03-15/neurology/fully_enriched.parquet,7376858
data/scheduled_runs/full_2023_all_disciplines_pubmed/2026-03-15/neurology/high_impact_subset.csv,2327906
data/scheduled_runs/full_2023_all_disciplines_pubmed/2026-03-15/neurology/high_impact_subset.parquet,708435
data/scheduled_runs/full_2023_all_disciplines_pubmed/2026-03-15/neurology/raw_openalex_articles.csv,24832652
data/scheduled_runs/full_2023_all_disciplines_pubmed/2026-03-15/neurology/raw_openalex_articles.parquet,7230850
data/scheduled_runs/full_2023_all_disciplines_pubmed/2026-03-15/neuroscience/enriched_preview.csv,75344434
data/scheduled_runs/full_2023_all_disciplines_pubmed/2026-03-15/neuroscience/enriched_preview.parquet,22769493
data/scheduled_runs/full_2023_all_disciplines_pubmed/2026-03-15/neuroscience/fully_enriched.csv,164088514
data/scheduled_runs/full_2023_all_disciplines_pubmed/2026-03-15/neuroscience/fully_enriched.parquet,47884731
data/scheduled_runs/full_2023_all_disciplines_pubmed/2026-03-15/neuroscience/high_impact_subset.csv,15432495
data/scheduled_runs/full_2023_all_disciplines_pubmed/2026-03-15/neuroscience/high_impact_subset.parquet,4545441
data/scheduled_runs/full_2023_all_disciplines_pubmed/2026-03-15/neuroscience/raw_openalex_articles.csv,161913085
data/scheduled_runs/full_2023_all_disciplines_pubmed/2026-03-15/neuroscience/raw_openalex_articles.parquet,46931589
data/scheduled_runs/full_2023_all_disciplines_pubmed/2026-03-15/run_manifest.json,22643
data/scheduled_runs/full_2023_all_disciplines_pubmed/2026-03-15/stroke/enriched_preview.csv,30713201
data/scheduled_runs/full_2023_all_disciplines_pubmed/2026-03-15/stroke/enriched_preview.parquet,9065398
data/scheduled_runs/full_2023_all_disciplines_pubmed/2026-03-15/stroke/fully_enriched.csv,31088554
data/scheduled_runs/full_2023_all_disciplines_pubmed/2026-03-15/stroke/fully_enriched.parquet,9232511
data/scheduled_runs/full_2023_all_disciplines_pubmed/2026-03-15/stroke/high_impact_subset.csv,3959335
data/scheduled_runs/full_2023_all_disciplines_pubmed/2026-03-15/stroke/high_impact_subset.parquet,1172539
data/scheduled_runs/full_2023_all_disciplines_pubmed/2026-03-15/stroke/raw_openalex_articles.csv,30704269
data/scheduled_runs/full_2023_all_disciplines_pubmed/2026-03-15/stroke/raw_openalex_articles.parquet,9060390
data/scheduled_runs/full_2024_2025_all_disciplines_pubmed/2026-03-15/cardiology/enriched_preview.csv,105922769
data/scheduled_runs/full_2024_2025_all_disciplines_pubmed/2026-03-15/cardiology/enriched_preview.parquet,30113947
data/scheduled_runs/full_2024_2025_all_disciplines_pubmed/2026-03-15/cardiology/fully_enriched.csv,109058432
data/scheduled_runs/full_2024_2025_all_disciplines_pubmed/2026-03-15/cardiology/fully_enriched.parquet,31061712
data/scheduled_runs/full_2024_2025_all_disciplines_pubmed/2026-03-15/cardiology/high_impact_subset.csv,60231
data/scheduled_runs/full_2024_2025_all_disciplines_pubmed/2026-03-15/cardiology/high_impact_subset.parquet,28112
data/scheduled_runs/full_2024_2025_all_disciplines_pubmed/2026-03-15/cardiology/raw_openalex_articles.csv,108460451
data/scheduled_runs/full_2024_2025_all_disciplines_pubmed/2026-03-15/cardiology/raw_openalex_articles.parquet,30638492
data/scheduled_runs/full_2024_2025_all_disciplines_pubmed/2026-03-15/dashboard/discipline_dashboard.html,41791
data/scheduled_runs/full_2024_2025_all_disciplines_pubmed/2026-03-15/dashboard/discipline_overall_summary.csv,1111
data/scheduled_runs/full_2024_2025_all_disciplines_pubmed/2026-03-15/dashboard/discipline_overall_summary.parquet,2635
data/scheduled_runs/full_2024_2025_all_disciplines_pubmed/2026-03-15/dashboard/discipline_year_summary.csv,1944
data/scheduled_runs/full_2024_2025_all_disciplines_pubmed/2026-03-15/dashboard/discipline_year_summary.parquet,3064
data/scheduled_runs/full_2024_2025_all_disciplines_pubmed/2026-03-15/neurology/enriched_preview.csv,32315740
data/scheduled_runs/full_2024_2025_all_disciplines_pubmed/2026-03-15/neurology/enriched_preview.parquet,9405161
data/scheduled_runs/full_2024_2025_all_disciplines_pubmed/2026-03-15/neurology/fully_enriched.csv,32489625
data/scheduled_runs/full_2024_2025_all_disciplines_pubmed/2026-03-15/neurology/fully_enriched.parquet,9525634
data/scheduled_runs/full_2024_2025_all_disciplines_pubmed/2026-03-15/neurology/high_impact_subset.csv,14444
data/scheduled_runs/full_2024_2025_all_disciplines_pubmed/2026-03-15/neurology/high_impact_subset.parquet,12910
data/scheduled_runs/full_2024_2025_all_disciplines_pubmed/2026-03-15/neurology/raw_openalex_articles.csv,32311498
data/scheduled_runs/full_2024_2025_all_disciplines_pubmed/2026-03-15/neurology/raw_openalex_articles.parquet,9401447
data/scheduled_runs/full_2024_2025_all_disciplines_pubmed/2026-03-15/neuroscience/enriched_preview.csv,66588591
data/scheduled_runs/full_2024_2025_all_disciplines_pubmed/2026-03-15/neuroscience/enriched_preview.parquet,20190457
data/scheduled_runs/full_2024_2025_all_disciplines_pubmed/2026-03-15/neuroscience/fully_enriched.csv,296310661
data/scheduled_runs/full_2024_2025_all_disciplines_pubmed/2026-03-15/neuroscience/fully_enriched.parquet,87192378
data/scheduled_runs/full_2024_2025_all_disciplines_pubmed/2026-03-15/neuroscience/high_impact_subset.csv,29083192
data/scheduled_runs/full_2024_2025_all_disciplines_pubmed/2026-03-15/neuroscience/high_impact_subset.parquet,8425466
data/scheduled_runs/full_2024_2025_all_disciplines_pubmed/2026-03-15/neuroscience/raw_openalex_articles.csv,292476294
data/scheduled_runs/full_2024_2025_all_disciplines_pubmed/2026-03-15/neuroscience/raw_openalex_articles.parquet,85485024
data/scheduled_runs/full_2024_2025_all_disciplines_pubmed/2026-03-15/run_manifest.json,41354
data/scheduled_runs/full_2024_2025_all_disciplines_pubmed/2026-03-15/stroke/enriched_preview.csv,49010808
data/scheduled_runs/full_2024_2025_all_disciplines_pubmed/2026-03-15/stroke/enriched_preview.parquet,14110428
data/scheduled_runs/full_2024_2025_all_disciplines_pubmed/2026-03-15/stroke/fully_enriched.csv,49304068
data/scheduled_runs/full_2024_2025_all_disciplines_pubmed/2026-03-15/stroke/fully_enriched.parquet,14298643
data/scheduled_runs/full_2024_2025_all_disciplines_pubmed/2026-03-15/stroke/high_impact_subset.csv,1262856
data/scheduled_runs/full_2024_2025_all_disciplines_pubmed/2026-03-15/stroke/high_impact_subset.parquet,392837
data/scheduled_runs/full_2024_2025_all_disciplines_pubmed/2026-03-15/stroke/raw_openalex_articles.csv,49008392
data/scheduled_runs/full_2024_2025_all_disciplines_pubmed/2026-03-15/stroke/raw_openalex_articles.parquet,14107835
data/scheduled_runs/full_2024_all_disciplines_pubmed/2026-03-14/cardiology/enriched_preview.csv,71946443
data/scheduled_runs/full_2024_all_disciplines_pubmed/2026-03-14/cardiology/enriched_preview.parquet,20793522
data/scheduled_runs/full_2024_all_disciplines_pubmed/2026-03-14/cardiology/fully_enriched.csv,74308694
data/scheduled_runs/full_2024_all_disciplines_pubmed/2026-03-14/cardiology/fully_enriched.parquet,21632203
data/scheduled_runs/full_2024_all_disciplines_pubmed/2026-03-14/cardiology/high_impact_subset.csv,6156197
data/scheduled_runs/full_2024_all_disciplines_pubmed/2026-03-14/cardiology/high_impact_subset.parquet,1748716
data/scheduled_runs/full_2024_all_disciplines_pubmed/2026-03-14/cardiology/raw_openalex_articles.csv,73445353
data/scheduled_runs/full_2024_all_disciplines_pubmed/2026-03-14/cardiology/raw_openalex_articles.parquet,21236725
data/scheduled_runs/full_2024_all_disciplines_pubmed/2026-03-14/dashboard/discipline_dashboard.html,30358
data/scheduled_runs/full_2024_all_disciplines_pubmed/2026-03-14/dashboard/discipline_overall_summary.csv,1142
data/scheduled_runs/full_2024_all_disciplines_pubmed/2026-03-14/dashboard/discipline_overall_summary.parquet,2653
data/scheduled_runs/full_2024_all_disciplines_pubmed/2026-03-14/dashboard/discipline_year_summary.csv,1145
data/scheduled_runs/full_2024_all_disciplines_pubmed/2026-03-14/dashboard/discipline_year_summary.parquet,2640
data/scheduled_runs/full_2024_all_disciplines_pubmed/2026-03-14/neurology/enriched_preview.csv,26203446
data/scheduled_runs/full_2024_all_disciplines_pubmed/2026-03-14/neurology/enriched_preview.parquet,7745450
data/scheduled_runs/full_2024_all_disciplines_pubmed/2026-03-14/neurology/fully_enriched.csv,26544232
data/scheduled_runs/full_2024_all_disciplines_pubmed/2026-03-14/neurology/fully_enriched.parquet,7897265
data/scheduled_runs/full_2024_all_disciplines_pubmed/2026-03-14/neurology/high_impact_subset.csv,2649764
data/scheduled_runs/full_2024_all_disciplines_pubmed/2026-03-14/neurology/high_impact_subset.parquet,800544
data/scheduled_runs/full_2024_all_disciplines_pubmed/2026-03-14/neurology/raw_openalex_articles.csv,26200820
data/scheduled_runs/full_2024_all_disciplines_pubmed/2026-03-14/neurology/raw_openalex_articles.parquet,7742784
data/scheduled_runs/full_2024_all_disciplines_pubmed/2026-03-14/neuroscience/enriched_preview.csv,74981812
data/scheduled_runs/full_2024_all_disciplines_pubmed/2026-03-14/neuroscience/enriched_preview.parquet,22651285
data/scheduled_runs/full_2024_all_disciplines_pubmed/2026-03-14/neuroscience/fully_enriched.csv,171711566
data/scheduled_runs/full_2024_all_disciplines_pubmed/2026-03-14/neuroscience/fully_enriched.parquet,50469117
data/scheduled_runs/full_2024_all_disciplines_pubmed/2026-03-14/neuroscience/high_impact_subset.csv,16531923
data/scheduled_runs/full_2024_all_disciplines_pubmed/2026-03-14/neuroscience/high_impact_subset.parquet,4848136
data/scheduled_runs/full_2024_all_disciplines_pubmed/2026-03-14/neuroscience/raw_openalex_articles.csv,169477137
data/scheduled_runs/full_2024_all_disciplines_pubmed/2026-03-14/neuroscience/raw_openalex_articles.parquet,49467393
data/scheduled_runs/full_2024_all_disciplines_pubmed/2026-03-14/run_manifest.json,22643
data/scheduled_runs/full_2024_all_disciplines_pubmed/2026-03-14/stroke/enriched_preview.csv,24660615
data/scheduled_runs/full_2024_all_disciplines_pubmed/2026-03-14/stroke/enriched_preview.parquet,7157818
data/scheduled_runs/full_2024_all_disciplines_pubmed/2026-03-14/stroke/fully_enriched.csv,24795458
data/scheduled_runs/full_2024_all_disciplines_pubmed/2026-03-14/stroke/fully_enriched.parquet,7248830
data/scheduled_runs/full_2024_all_disciplines_pubmed/2026-03-14/stroke/high_impact_subset.csv,523264
data/scheduled_runs/full_2024_all_disciplines_pubmed/2026-03-14/stroke/high_impact_subset.parquet,169457
data/scheduled_runs/full_2024_all_disciplines_pubmed/2026-03-14/stroke/raw_openalex_articles.csv,24654268
data/scheduled_runs/full_2024_all_disciplines_pubmed/2026-03-14/stroke/raw_openalex_articles.parquet,7153754
data/scheduled_runs/full_2025_all_disciplines/2026-03-14/cardiology/enriched_preview.csv,67243721
data/scheduled_runs/full_2025_all_disciplines/2026-03-14/cardiology/enriched_preview.parquet,19180644
data/scheduled_runs/full_2025_all_disciplines/2026-03-14/cardiology/fully_enriched.csv,79727211
data/scheduled_runs/full_2025_all_disciplines/2026-03-14/cardiology/fully_enriched.parquet,22956291
data/scheduled_runs/full_2025_all_disciplines/2026-03-14/cardiology/high_impact_subset.csv,10296280
data/scheduled_runs/full_2025_all_disciplines/2026-03-14/cardiology/high_impact_subset.parquet,2895168
data/scheduled_runs/full_2025_all_disciplines/2026-03-14/cardiology/partial_backup_20260314_1003/enriched_preview.csv,2026724
data/scheduled_runs/full_2025_all_disciplines/2026-03-14/cardiology/partial_backup_20260314_1003/enriched_preview.parquet,635635
data/scheduled_runs/full_2025_all_disciplines/2026-03-14/cardiology/partial_backup_20260314_1003/fully_enriched.csv,2057506
data/scheduled_runs/full_2025_all_disciplines/2026-03-14/cardiology/partial_backup_20260314_1003/fully_enriched.parquet,649965
data/scheduled_runs/full_2025_all_disciplines/2026-03-14/cardiology/partial_backup_20260314_1003/high_impact_subset.csv,239537
data/scheduled_runs/full_2025_all_disciplines/2026-03-14/cardiology/partial_backup_20260314_1003/high_impact_subset.parquet,87962
data/scheduled_runs/full_2025_all_disciplines/2026-03-14/cardiology/partial_backup_20260314_1003/raw_openalex_articles.csv,2026646
data/scheduled_runs/full_2025_all_disciplines/2026-03-14/cardiology/partial_backup_20260314_1003/raw_openalex_articles.parquet,635316
data/scheduled_runs/full_2025_all_disciplines/2026-03-14/cardiology/raw_openalex_articles.csv,78577294
data/scheduled_runs/full_2025_all_disciplines/2026-03-14/cardiology/raw_openalex_articles.parquet,22517978
data/scheduled_runs/full_2025_all_disciplines/2026-03-14/dashboard/discipline_dashboard.html,41410
data/scheduled_runs/full_2025_all_disciplines/2026-03-14/dashboard/discipline_overall_summary.csv,1192
data/scheduled_runs/full_2025_all_disciplines/2026-03-14/dashboard/discipline_overall_summary.parquet,2480
data/scheduled_runs/full_2025_all_disciplines/2026-03-14/dashboard/discipline_year_summary.csv,1195
data/scheduled_runs/full_2025_all_disciplines/2026-03-14/dashboard/discipline_year_summary.parquet,2466
data/scheduled_runs/full_2025_all_disciplines/2026-03-14/neurology/enriched_preview.csv,27826673
data/scheduled_runs/full_2025_all_disciplines/2026-03-14/neurology/enriched_preview.parquet,8147151
data/scheduled_runs/full_2025_all_disciplines/2026-03-14/neurology/fully_enriched.csv,28246414
data/scheduled_runs/full_2025_all_disciplines/2026-03-14/neurology/fully_enriched.parquet,8312727
data/scheduled_runs/full_2025_all_disciplines/2026-03-14/neurology/high_impact_subset.csv,4086473
data/scheduled_runs/full_2025_all_disciplines/2026-03-14/neurology/high_impact_subset.parquet,1232099
data/scheduled_runs/full_2025_all_disciplines/2026-03-14/neurology/raw_openalex_articles.csv,27803492
data/scheduled_runs/full_2025_all_disciplines/2026-03-14/neurology/raw_openalex_articles.parquet,8139954
data/scheduled_runs/full_2025_all_disciplines/2026-03-14/neuroscience/enriched_preview.csv,65241508
data/scheduled_runs/full_2025_all_disciplines/2026-03-14/neuroscience/enriched_preview.parquet,19567058
data/scheduled_runs/full_2025_all_disciplines/2026-03-14/neuroscience/fully_enriched.csv,181982825
data/scheduled_runs/full_2025_all_disciplines/2026-03-14/neuroscience/fully_enriched.parquet,53903662
data/scheduled_runs/full_2025_all_disciplines/2026-03-14/neuroscience/high_impact_subset.csv,27814348
data/scheduled_runs/full_2025_all_disciplines/2026-03-14/neuroscience/high_impact_subset.parquet,8302614
data/scheduled_runs/full_2025_all_disciplines/2026-03-14/neuroscience/raw_openalex_articles.csv,179082275
data/scheduled_runs/full_2025_all_disciplines/2026-03-14/neuroscience/raw_openalex_articles.parquet,52781159
data/scheduled_runs/full_2025_all_disciplines/2026-03-14/run_manifest.json,5491
data/scheduled_runs/full_2025_all_disciplines/2026-03-14/stroke/enriched_preview.csv,36168913
data/scheduled_runs/full_2025_all_disciplines/2026-03-14/stroke/enriched_preview.parquet,10378045
data/scheduled_runs/full_2025_all_disciplines/2026-03-14/stroke/fully_enriched.csv,36675307
data/scheduled_runs/full_2025_all_disciplines/2026-03-14/stroke/fully_enriched.parquet,10582567
data/scheduled_runs/full_2025_all_disciplines/2026-03-14/stroke/high_impact_subset.csv,6237919
data/scheduled_runs/full_2025_all_disciplines/2026-03-14/stroke/high_impact_subset.parquet,1831489
data/scheduled_runs/full_2025_all_disciplines/2026-03-14/stroke/raw_openalex_articles.csv,36145581
data/scheduled_runs/full_2025_all_disciplines/2026-03-14/stroke/raw_openalex_articles.parquet,10370318
data/scheduled_runs/full_2025_all_disciplines_pubmed/2026-03-14/run_manifest.json,1603
data/scheduled_runs/full_2025_all_disciplines_pubmed/2026-03-14/stroke/enriched_preview.csv,38739128
data/scheduled_runs/full_2025_all_disciplines_pubmed/2026-03-14/stroke/fully_enriched.csv,39257761
data/scheduled_runs/full_2025_all_disciplines_pubmed/2026-03-14/stroke/high_impact_subset.csv,6304990
data/scheduled_runs/full_2025_all_disciplines_pubmed/2026-03-14/stroke/raw_openalex_articles.csv,38715582
data/scheduled_runs/full_2025_all_disciplines_pubmed_cached/2026-03-14/cardiology/raw_openalex_articles.csv,78577294
data/scheduled_runs/full_2025_all_disciplines_pubmed_cached/2026-03-14/neurology/raw_openalex_articles.csv,27803492
data/scheduled_runs/full_2025_all_disciplines_pubmed_cached/2026-03-14/neuroscience/raw_openalex_articles.csv,179082275
data/scheduled_runs/full_2025_all_disciplines_pubmed_cached/2026-03-14/run_manifest.json,1609
data/scheduled_runs/full_2025_all_disciplines_pubmed_cached/2026-03-14/stroke/raw_openalex_articles.csv,36145581
data/scheduled_runs/full_2025_all_disciplines_pubmed_cached_norefresh/2026-03-14/cardiology/enriched_preview.csv,104214446
data/scheduled_runs/full_2025_all_disciplines_pubmed_cached_norefresh/2026-03-14/cardiology/enriched_preview.parquet,29804475
data/scheduled_runs/full_2025_all_disciplines_pubmed_cached_norefresh/2026-03-14/cardiology/fully_enriched.csv,113290601
data/scheduled_runs/full_2025_all_disciplines_pubmed_cached_norefresh/2026-03-14/cardiology/fully_enriched.parquet,31975252
data/scheduled_runs/full_2025_all_disciplines_pubmed_cached_norefresh/2026-03-14/cardiology/high_impact_subset.csv,53824929
data/scheduled_runs/full_2025_all_disciplines_pubmed_cached_norefresh/2026-03-14/cardiology/high_impact_subset.parquet,15031254
data/scheduled_runs/full_2025_all_disciplines_pubmed_cached_norefresh/2026-03-14/cardiology/raw_openalex_articles.csv,110810104
data/scheduled_runs/full_2025_all_disciplines_pubmed_cached_norefresh/2026-03-14/cardiology/raw_openalex_articles.parquet,31509629
data/scheduled_runs/full_2025_all_disciplines_pubmed_cached_norefresh/2026-03-14/dashboard/discipline_dashboard.html,32107
data/scheduled_runs/full_2025_all_disciplines_pubmed_cached_norefresh/2026-03-14/dashboard/discipline_overall_summary.csv,1193
data/scheduled_runs/full_2025_all_disciplines_pubmed_cached_norefresh/2026-03-14/dashboard/discipline_overall_summary.parquet,2684
data/scheduled_runs/full_2025_all_disciplines_pubmed_cached_norefresh/2026-03-14/dashboard/discipline_year_summary.csv,3271
data/scheduled_runs/full_2025_all_disciplines_pubmed_cached_norefresh/2026-03-14/dashboard/discipline_year_summary.parquet,3871
data/scheduled_runs/full_2025_all_disciplines_pubmed_cached_norefresh/2026-03-14/neurology/enriched_preview.csv,37554868
data/scheduled_runs/full_2025_all_disciplines_pubmed_cached_norefresh/2026-03-14/neurology/enriched_preview.parquet,10956397
data/scheduled_runs/full_2025_all_disciplines_pubmed_cached_norefresh/2026-03-14/neurology/fully_enriched.csv,37945635
data/scheduled_runs/full_2025_all_disciplines_pubmed_cached_norefresh/2026-03-14/neurology/fully_enriched.parquet,11127408
data/scheduled_runs/full_2025_all_disciplines_pubmed_cached_norefresh/2026-03-14/neurology/high_impact_subset.csv,3617405
data/scheduled_runs/full_2025_all_disciplines_pubmed_cached_norefresh/2026-03-14/neurology/high_impact_subset.parquet,1127053
data/scheduled_runs/full_2025_all_disciplines_pubmed_cached_norefresh/2026-03-14/neurology/raw_openalex_articles.csv,37531231
data/scheduled_runs/full_2025_all_disciplines_pubmed_cached_norefresh/2026-03-14/neurology/raw_openalex_articles.parquet,10949013
data/scheduled_runs/full_2025_all_disciplines_pubmed_cached_norefresh/2026-03-14/neuroscience/enriched_preview.csv,95016941
data/scheduled_runs/full_2025_all_disciplines_pubmed_cached_norefresh/2026-03-14/neuroscience/enriched_preview.parquet,28604748
data/scheduled_runs/full_2025_all_disciplines_pubmed_cached_norefresh/2026-03-14/neuroscience/fully_enriched.csv,213367576
data/scheduled_runs/full_2025_all_disciplines_pubmed_cached_norefresh/2026-03-14/neuroscience/fully_enriched.parquet,62592548
data/scheduled_runs/full_2025_all_disciplines_pubmed_cached_norefresh/2026-03-14/neuroscience/high_impact_subset.csv,28488709
data/scheduled_runs/full_2025_all_disciplines_pubmed_cached_norefresh/2026-03-14/neuroscience/high_impact_subset.parquet,8376232
data/scheduled_runs/full_2025_all_disciplines_pubmed_cached_norefresh/2026-03-14/neuroscience/raw_openalex_articles.csv,210418651
data/scheduled_runs/full_2025_all_disciplines_pubmed_cached_norefresh/2026-03-14/neuroscience/raw_openalex_articles.parquet,61440687
data/scheduled_runs/full_2025_all_disciplines_pubmed_cached_norefresh/2026-03-14/run_manifest.json,5272
data/scheduled_runs/full_2025_all_disciplines_pubmed_cached_norefresh/2026-03-14/stroke/enriched_preview.csv,52671328
data/scheduled_runs/full_2025_all_disciplines_pubmed_cached_norefresh/2026-03-14/stroke/enriched_preview.parquet,15085909
data/scheduled_runs/full_2025_all_disciplines_pubmed_cached_norefresh/2026-03-14/stroke/fully_enriched.csv,53857048
data/scheduled_runs/full_2025_all_disciplines_pubmed_cached_norefresh/2026-03-14/stroke/fully_enriched.parquet,15297213
data/scheduled_runs/full_2025_all_disciplines_pubmed_cached_norefresh/2026-03-14/stroke/high_impact_subset.csv,26079774
data/scheduled_runs/full_2025_all_disciplines_pubmed_cached_norefresh/2026-03-14/stroke/high_impact_subset.parquet,7240534
data/scheduled_runs/full_2025_all_disciplines_pubmed_cached_norefresh/2026-03-14/stroke/raw_openalex_articles.csv,52647524
data/scheduled_runs/full_2025_all_disciplines_pubmed_cached_norefresh/2026-03-14/stroke/raw_openalex_articles.parquet,15077991
data/scheduled_runs/full_2025_all_disciplines_pubmed_fallback/2026-03-14/run_manifest.json,1630
data/scheduled_runs/full_2025_all_disciplines_pubmed_split/2026-03-14/run_manifest.json,1621
data/scheduled_runs/full_2025_all_disciplines_pubmed_split/2026-03-14/stroke/enriched_preview.csv,40242301
data/scheduled_runs/full_2025_all_disciplines_pubmed_split/2026-03-14/stroke/fully_enriched.csv,40769243
data/scheduled_runs/full_2025_all_disciplines_pubmed_split/2026-03-14/stroke/high_impact_subset.csv,6343592
data/scheduled_runs/full_2025_all_disciplines_pubmed_split/2026-03-14/stroke/raw_openalex_articles.csv,40218635
data/scheduled_runs/smoke_sched/2026-03-14-live/run_manifest.json,1962
data/scheduled_runs/smoke_sched/2026-03-14-live/stroke/enriched_preview.csv,32799
data/scheduled_runs/smoke_sched/2026-03-14-live/stroke/enriched_preview.parquet,21822
data/scheduled_runs/smoke_sched/2026-03-14-live/stroke/fully_enriched.csv,33311
data/scheduled_runs/smoke_sched/2026-03-14-live/stroke/fully_enriched.parquet,22639
data/scheduled_runs/smoke_sched/2026-03-14-live/stroke/high_impact_subset.csv,5503
data/scheduled_runs/smoke_sched/2026-03-14-live/stroke/high_impact_subset.parquet,9833
data/scheduled_runs/smoke_sched/2026-03-14-live/stroke/raw_openalex_articles.csv,32799
data/scheduled_runs/smoke_sched/2026-03-14-live/stroke/raw_openalex_articles.parquet,21822
data/serious_benchmark_2023_2025_q500_api_deepseek/cardiology/enriched_preview.csv,8472754
data/serious_benchmark_2023_2025_q500_api_deepseek/cardiology/fully_enriched.csv,8598204
data/serious_benchmark_2023_2025_q500_api_deepseek/cardiology/high_impact_subset.csv,965951
data/serious_benchmark_2023_2025_q500_api_deepseek/cardiology/raw_openalex_articles.csv,8458888
data/serious_benchmark_2023_2025_q500_api_deepseek/dashboard/discipline_dashboard.html,30953
data/serious_benchmark_2023_2025_q500_api_deepseek/dashboard/discipline_overall_summary.csv,1008
data/serious_benchmark_2023_2025_q500_api_deepseek/dashboard/discipline_year_summary.csv,2402
data/serious_benchmark_2023_2025_q500_api_deepseek/neurology/enriched_preview.csv,8652273
data/serious_benchmark_2023_2025_q500_api_deepseek/neurology/fully_enriched.csv,8773111
data/serious_benchmark_2023_2025_q500_api_deepseek/neurology/high_impact_subset.csv,975259
data/serious_benchmark_2023_2025_q500_api_deepseek/neurology/raw_openalex_articles.csv,8640289
data/serious_benchmark_2023_2025_q500_api_deepseek/neuroscience/enriched_preview.csv,9474554
data/serious_benchmark_2023_2025_q500_api_deepseek/neuroscience/fully_enriched.csv,9600999
data/serious_benchmark_2023_2025_q500_api_deepseek/neuroscience/high_impact_subset.csv,1023315
data/serious_benchmark_2023_2025_q500_api_deepseek/neuroscience/raw_openalex_articles.csv,9456448
data/serious_benchmark_2023_2025_q500_api_deepseek/stroke/enriched_preview.csv,7946265
data/serious_benchmark_2023_2025_q500_api_deepseek/stroke/fully_enriched.csv,8062016
data/serious_benchmark_2023_2025_q500_api_deepseek/stroke/high_impact_subset.csv,1248425
data/serious_benchmark_2023_2025_q500_api_deepseek/stroke/raw_openalex_articles.csv,7936199
data/smoke_pubmed_2025/enriched_preview.csv,73969
data/smoke_pubmed_2025/fully_enriched.csv,74095
data/smoke_pubmed_2025/high_impact_subset.csv,3729
data/smoke_pubmed_2025/raw_openalex_articles.csv,73969
data/smoke_test_live_2025/enriched_preview.csv,45282
data/smoke_test_live_2025/fully_enriched.csv,45937
data/smoke_test_live_2025/high_impact_subset.csv,7729
data/smoke_test_live_2025/raw_openalex_articles.csv,45282
data/smoke_tia_pubmed_2025_slices/enriched_preview.csv,316053
data/smoke_tia_pubmed_2025_slices/fully_enriched.csv,316233
data/smoke_tia_pubmed_2025_slices/high_impact_subset.csv,25506
data/smoke_tia_pubmed_2025_slices/raw_openalex_articles.csv,316053
data/smoke_tia_pubmed_2025_slices_resume/enriched_preview.csv,316053
data/smoke_tia_pubmed_2025_slices_resume/fully_enriched.csv,316233
data/smoke_tia_pubmed_2025_slices_resume/high_impact_subset.csv,25506
data/smoke_tia_pubmed_2025_slices_resume/raw_openalex_articles.csv,316053
